StudyHours,ExamScore
5,66.93893598
3,58.79108097
7,73.81855683
4,59.84489821
6,69.69021332
8,82.40429056
3,55.01196375
2,52.80077378
5,65.97511541
9,89.83523237
4,58.22097593
6,68.29207412
2,49.04845594
4,61.21241076
8,80.4534692
1,49.49866737
1,47.42963294
6,72.09590313
7,74.53202482
6,70.25436505
5,67.85670649
8,82.26155673
9,88.3073929
1,50.47021557
7,76.42132666
2,53.52277622
9,86.170653
8,80.99949251
1,49.98263779
5,66.82894197
